prediction,classification
a 401k is included after time,benefits
great knowledge in python is required,required skill
3 years expereince with being a boss,years
you must know R programming,required skill
we pride ourselves on our cultural hiring with bachelor's degrees and at least 5 years of experience with benefits,years
experience in microsoft word is a plus,desired skill
being a noob is preferred,desired skill
we want clarkson students with mechanical engineering degrees,degree
we want greg scholz with 5 years experience electrician,years
